{"cameraMode":{"drawMode":0,"name":"Shaded","section":"Shading Mode"},"sceneLighting":false,"audioPlay":false,"sceneViewState":{"showFog":true,"showMaterialUpdate":false,"showSkybox":false,"showFlares":true,"showImageEffects":true,"showParticleSystems":true},"in2DMode":false,"pivot":{"x":194.3974151611328,"y":27.754697799682618,"z":-0.3421081304550171},"rotation":{"x":-0.2597760260105133,"y":-0.022360363975167276,"z":0.0064042904414236549,"w":-0.9656469225883484},"size":0.6640581488609314,"orthographic":false}