{"cameraMode":{"drawMode":0,"name":"Shaded","section":"Shading Mode"},"sceneLighting":false,"audioPlay":false,"sceneViewState":{"showFog":true,"showMaterialUpdate":false,"showSkybox":false,"showFlares":true,"showImageEffects":true,"showParticleSystems":true},"in2DMode":false,"pivot":{"x":-1.4578280448913575,"y":-0.13072872161865235,"z":0.8717927932739258},"rotation":{"x":-0.04947575926780701,"y":-0.9222518801689148,"z":0.3619084358215332,"w":-0.12906020879745484},"size":6.125660419464111,"orthographic":false}