{"cameraMode":{"drawMode":0,"name":"Shaded","section":"Shading Mode"},"sceneLighting":false,"audioPlay":false,"sceneViewState":{"showFog":true,"showMaterialUpdate":false,"showSkybox":false,"showFlares":true,"showImageEffects":true,"showParticleSystems":true},"in2DMode":false,"pivot":{"x":35.337005615234378,"y":0.73101806640625,"z":-0.5009180903434753},"rotation":{"x":-0.2597760260105133,"y":-0.022360363975167276,"z":0.0064042904414236549,"w":-0.9656469225883484},"size":10.0,"orthographic":false}