{"cameraMode":{"drawMode":0,"name":"Shaded","section":"Shading Mode"},"sceneLighting":false,"audioPlay":false,"sceneViewState":{"showFog":true,"showMaterialUpdate":false,"showSkybox":false,"showFlares":true,"showImageEffects":true,"showParticleSystems":true},"in2DMode":false,"pivot":{"x":35.97999954223633,"y":1.1632136106491089,"z":0.4505525827407837},"rotation":{"x":0.05641639977693558,"y":0.8324309587478638,"z":-0.07803867012262345,"w":0.5466595888137817},"size":1.0731256008148194,"orthographic":false}