{"cameraMode":{"drawMode":0,"name":"Shaded","section":"Shading Mode"},"sceneLighting":false,"audioPlay":false,"sceneViewState":{"showFog":true,"showMaterialUpdate":false,"showSkybox":false,"showFlares":true,"showImageEffects":true,"showParticleSystems":true},"in2DMode":false,"pivot":{"x":34.347843170166019,"y":-2.934579849243164,"z":0.5324115753173828},"rotation":{"x":0.019140202552080156,"y":0.9796481728553772,"z":-0.15304645895957948,"w":0.13083527982234956},"size":0.935337483882904,"orthographic":false}