{"cameraMode":{"drawMode":0,"name":"Shaded","section":"Shading Mode"},"sceneLighting":false,"audioPlay":false,"sceneViewState":{"showFog":true,"showMaterialUpdate":false,"showSkybox":false,"showFlares":true,"showImageEffects":true,"showParticleSystems":true},"in2DMode":false,"pivot":{"x":34.937278747558597,"y":0.8807640075683594,"z":-1.4626195430755616},"rotation":{"x":0.3250722885131836,"y":-0.18820305168628694,"z":0.0650659129023552,"w":0.9248255491256714},"size":1.2133415937423707,"orthographic":false}