{"cameraMode":{"drawMode":0,"name":"Shaded","section":"Shading Mode"},"sceneLighting":false,"audioPlay":false,"sceneViewState":{"showFog":true,"showMaterialUpdate":false,"showSkybox":false,"showFlares":true,"showImageEffects":true,"showParticleSystems":true},"in2DMode":false,"pivot":{"x":34.05504608154297,"y":1.7168883085250855,"z":-1.5179880857467652},"rotation":{"x":-0.2644937038421631,"y":-0.3144548833370209,"z":0.09213133901357651,"w":-0.9072893261909485},"size":1.0481674671173096,"orthographic":false}