{"cameraMode":{"drawMode":0,"name":"Shaded","section":"Shading Mode"},"sceneLighting":false,"audioPlay":false,"sceneViewState":{"showFog":true,"showMaterialUpdate":false,"showSkybox":false,"showFlares":true,"showImageEffects":true,"showParticleSystems":true},"in2DMode":false,"pivot":{"x":33.709251403808597,"y":1.1194071769714356,"z":1.0418133735656739},"rotation":{"x":-0.070506751537323,"y":-0.9313653707504273,"z":0.24263231456279756,"w":-0.26407983899116518},"size":-0.04318547248840332,"orthographic":false}