{"cameraMode":{"drawMode":0,"name":"Shaded","section":"Shading Mode"},"sceneLighting":true,"audioPlay":false,"sceneViewState":{"showFog":true,"showMaterialUpdate":false,"showSkybox":false,"showFlares":true,"showImageEffects":true,"showParticleSystems":true},"in2DMode":false,"pivot":{"x":-22.320220947265626,"y":-0.23350918292999268,"z":-9.637638092041016},"rotation":{"x":0.31767159700393679,"y":-0.2431633472442627,"z":0.08436132222414017,"w":0.9129250645637512},"size":0.2886955738067627,"orthographic":false}