{"cameraMode":{"drawMode":0,"name":"Shaded","section":"Shading Mode"},"sceneLighting":false,"audioPlay":false,"sceneViewState":{"showFog":true,"showMaterialUpdate":false,"showSkybox":false,"showFlares":true,"showImageEffects":true,"showParticleSystems":true},"in2DMode":false,"pivot":{"x":0.0,"y":-0.009000003337860108,"z":0.04900002479553223},"rotation":{"x":-0.042294878512620929,"y":-0.0068966979160904888,"z":0.00029309451929293573,"w":-0.9990978240966797},"size":3.299999713897705,"orthographic":false}