{"cameraMode":{"drawMode":0,"name":"Shaded","section":"Shading Mode"},"sceneLighting":false,"audioPlay":false,"sceneViewState":{"showFog":true,"showMaterialUpdate":false,"showSkybox":false,"showFlares":true,"showImageEffects":true,"showParticleSystems":true},"in2DMode":false,"pivot":{"x":36.52478790283203,"y":1.5472240447998047,"z":1.161840796470642},"rotation":{"x":-0.009779466316103936,"y":0.9658591151237488,"z":-0.052030980587005618,"w":-0.2557079493999481},"size":0.18882566690444947,"orthographic":false}