{"cameraMode":{"drawMode":0,"name":"Shaded","section":"Shading Mode"},"sceneLighting":false,"audioPlay":false,"sceneViewState":{"showFog":true,"showMaterialUpdate":false,"showSkybox":false,"showFlares":true,"showImageEffects":true,"showParticleSystems":true},"in2DMode":false,"pivot":{"x":36.1882209777832,"y":1.5425807237625123,"z":-3.339756727218628},"rotation":{"x":0.0013603195548057557,"y":-0.9934340715408325,"z":0.10820705443620682,"w":0.04924473911523819},"size":1.025895357131958,"orthographic":false}