{"cameraMode":{"drawMode":0,"name":"Shaded","section":"Shading Mode"},"sceneLighting":true,"audioPlay":false,"sceneViewState":{"showFog":true,"showMaterialUpdate":false,"showSkybox":false,"showFlares":true,"showImageEffects":true,"showParticleSystems":true},"in2DMode":false,"pivot":{"x":28.779050827026368,"y":0.24544143676757813,"z":-0.8293418884277344},"rotation":{"x":0.21712522208690644,"y":0.03864879906177521,"z":-0.0033530020155012609,"w":0.9760234951972961},"size":9.66688346862793,"orthographic":false}