{"cameraMode":{"drawMode":0,"name":"Shaded","section":"Shading Mode"},"sceneLighting":false,"audioPlay":false,"sceneViewState":{"showFog":true,"showMaterialUpdate":false,"showSkybox":false,"showFlares":true,"showImageEffects":true,"showParticleSystems":true},"in2DMode":false,"pivot":{"x":1.5782802104949952,"y":0.37556350231170657,"z":-2.5310115814208986},"rotation":{"x":-0.228451207280159,"y":-0.23116542398929597,"z":0.055663853883743289,"w":-0.9442917108535767},"size":1.915475845336914,"orthographic":false}