{"cameraMode":{"drawMode":0,"name":"Shaded","section":"Shading Mode"},"sceneLighting":false,"audioPlay":false,"sceneViewState":{"showFog":true,"showMaterialUpdate":false,"showSkybox":false,"showFlares":true,"showImageEffects":true,"showParticleSystems":true},"in2DMode":false,"pivot":{"x":33.31574249267578,"y":0.19159221649169923,"z":0.15452298521995545},"rotation":{"x":0.41443347930908205,"y":-0.17571517825126649,"z":0.08609480410814285,"w":0.8894073963165283},"size":0.793432354927063,"orthographic":false}