{"cameraMode":{"drawMode":0,"name":"Shaded","section":"Shading Mode"},"sceneLighting":true,"audioPlay":false,"sceneViewState":{"showFog":true,"showMaterialUpdate":false,"showSkybox":false,"showFlares":true,"showImageEffects":true,"showParticleSystems":true},"in2DMode":false,"pivot":{"x":-0.3822975158691406,"y":3.0263991355895998,"z":-43.24664306640625},"rotation":{"x":0.03901132196187973,"y":0.8933004140853882,"z":-0.07968472689390183,"w":0.4415552616119385},"size":36.2169189453125,"orthographic":false}