{"cameraMode":{"drawMode":0,"name":"Shaded","section":"Shading Mode"},"sceneLighting":false,"audioPlay":false,"sceneViewState":{"showFog":true,"showMaterialUpdate":false,"showSkybox":false,"showFlares":true,"showImageEffects":true,"showParticleSystems":true},"in2DMode":false,"pivot":{"x":1.8470180034637452,"y":1.7397334575653077,"z":-0.9857916235923767},"rotation":{"x":-0.2771711051464081,"y":0.0055166129022836689,"z":-0.0026374242734164,"w":-0.9609872698783875},"size":1.5039589405059815,"orthographic":false}