{"cameraMode":{"drawMode":0,"name":"Shaded","section":"Shading Mode"},"sceneLighting":false,"audioPlay":false,"sceneViewState":{"showFog":true,"showMaterialUpdate":false,"showSkybox":false,"showFlares":true,"showImageEffects":true,"showParticleSystems":true},"in2DMode":false,"pivot":{"x":34.6015625,"y":1.312255859375,"z":1.4901161193847657e-8},"rotation":{"x":-0.33572524785995486,"y":0.010723243467509747,"z":-0.00342245283536613,"w":-0.9421570301055908},"size":1.0982868671417237,"orthographic":false}