{"cameraMode":{"drawMode":0,"name":"Shaded","section":"Shading Mode"},"sceneLighting":false,"audioPlay":false,"sceneViewState":{"showFog":true,"showMaterialUpdate":false,"showSkybox":false,"showFlares":true,"showImageEffects":true,"showParticleSystems":true},"in2DMode":false,"pivot":{"x":2.4334819316864015,"y":-4.27363920211792,"z":22.195964813232423},"rotation":{"x":-0.03294271230697632,"y":-0.9401087760925293,"z":0.32560867071151736,"w":-0.09860455244779587},"size":0.8944129347801209,"orthographic":false}