{"cameraMode":{"drawMode":0,"name":"Shaded","section":"Shading Mode"},"sceneLighting":false,"audioPlay":false,"sceneViewState":{"showFog":true,"showMaterialUpdate":false,"showSkybox":false,"showFlares":true,"showImageEffects":true,"showParticleSystems":true},"in2DMode":false,"pivot":{"x":36.02012634277344,"y":1.2576909065246583,"z":-2.0784056186676027},"rotation":{"x":-0.0038111908361315729,"y":0.9354065656661987,"z":-0.3540244400501251,"w":-0.010942751541733742},"size":0.06406044960021973,"orthographic":false}