{"cameraMode":{"drawMode":0,"name":"Shaded","section":"Shading Mode"},"sceneLighting":false,"audioPlay":false,"sceneViewState":{"showFog":true,"showMaterialUpdate":false,"showSkybox":false,"showFlares":true,"showImageEffects":true,"showParticleSystems":true},"in2DMode":false,"pivot":{"x":262.70599365234377,"y":34.14201736450195,"z":-0.4519180953502655},"rotation":{"x":0.12889374792575837,"y":-0.03280441835522652,"z":0.004625968635082245,"w":0.9913333654403687},"size":0.6999210119247437,"orthographic":false}