{"cameraMode":{"drawMode":0,"name":"Shaded","section":"Shading Mode"},"sceneLighting":true,"audioPlay":false,"sceneViewState":{"showFog":true,"showMaterialUpdate":false,"showSkybox":false,"showFlares":true,"showImageEffects":true,"showParticleSystems":true},"in2DMode":false,"pivot":{"x":20.194000244140626,"y":2.552000045776367,"z":-7.9654083251953129},"rotation":{"x":0.24057216942310334,"y":-0.22106695175170899,"z":0.0551258809864521,"w":0.9438361525535584},"size":13.018982887268067,"orthographic":false}