{"cameraMode":{"drawMode":0,"name":"Shaded","section":"Shading Mode"},"sceneLighting":false,"audioPlay":false,"sceneViewState":{"showFog":true,"showMaterialUpdate":false,"showSkybox":false,"showFlares":true,"showImageEffects":true,"showParticleSystems":true},"in2DMode":false,"pivot":{"x":1.8120614290237427,"y":0.30505919456481936,"z":-0.6418853998184204},"rotation":{"x":0.21915337443351746,"y":0.6722232103347778,"z":-0.2194383591413498,"w":0.6723653078079224},"size":0.5000125169754028,"orthographic":false}