{"cameraMode":{"drawMode":0,"name":"Shaded","section":"Shading Mode"},"sceneLighting":false,"audioPlay":false,"sceneViewState":{"showFog":true,"showMaterialUpdate":false,"showSkybox":false,"showFlares":true,"showImageEffects":true,"showParticleSystems":true},"in2DMode":false,"pivot":{"x":34.97787094116211,"y":0.6957765221595764,"z":-3.172722339630127},"rotation":{"x":0.08225393295288086,"y":-0.8764182329177856,"z":0.1610608994960785,"w":0.4468208849430084},"size":1.287852168083191,"orthographic":false}