{"cameraMode":{"drawMode":0,"name":"Shaded","section":"Shading Mode"},"sceneLighting":false,"audioPlay":false,"sceneViewState":{"showFog":true,"showMaterialUpdate":false,"showSkybox":false,"showFlares":true,"showImageEffects":true,"showParticleSystems":true},"in2DMode":false,"pivot":{"x":33.440860748291019,"y":1.0884069204330445,"z":1.82402503490448},"rotation":{"x":-0.06478464603424072,"y":0.031508103013038638,"z":-0.0008150356588885188,"w":-0.9976847171783447},"size":0.6982460618019104,"orthographic":false}