{"cameraMode":{"drawMode":0,"name":"Shaded","section":"Shading Mode"},"sceneLighting":false,"audioPlay":false,"sceneViewState":{"showFog":true,"showMaterialUpdate":false,"showSkybox":false,"showFlares":true,"showImageEffects":true,"showParticleSystems":true},"in2DMode":false,"pivot":{"x":-0.09130215644836426,"y":1.1756134033203126,"z":-0.14231443405151368},"rotation":{"x":-0.1143030971288681,"y":-0.8420262336730957,"z":0.19879011809825898,"w":-0.48880714178085329},"size":2.312147617340088,"orthographic":false}