{"cameraMode":{"drawMode":0,"name":"Shaded","section":"Shading Mode"},"sceneLighting":false,"audioPlay":false,"sceneViewState":{"showFog":true,"showMaterialUpdate":false,"showSkybox":false,"showFlares":true,"showImageEffects":true,"showParticleSystems":true},"in2DMode":false,"pivot":{"x":34.83649444580078,"y":1.6598188877105713,"z":1.6310778856277466},"rotation":{"x":-0.19485929608345033,"y":-0.48119646310806277,"z":0.1093592643737793,"w":-0.8478676080703735},"size":1.1882216930389405,"orthographic":false}