{"cameraMode":{"drawMode":0,"name":"Shaded","section":"Shading Mode"},"sceneLighting":false,"audioPlay":false,"sceneViewState":{"showFog":true,"showMaterialUpdate":false,"showSkybox":false,"showFlares":true,"showImageEffects":true,"showParticleSystems":true},"in2DMode":false,"pivot":{"x":35.22193145751953,"y":1.2637478113174439,"z":0.2717459201812744},"rotation":{"x":-0.012361827306449414,"y":0.964538037776947,"z":-0.25820663571357729,"w":-0.062442194670438769},"size":1.0839009284973145,"orthographic":false}