{"cameraMode":{"drawMode":0,"name":"Shaded","section":"Shading Mode"},"sceneLighting":false,"audioPlay":false,"sceneViewState":{"showFog":true,"showMaterialUpdate":false,"showSkybox":false,"showFlares":true,"showImageEffects":true,"showParticleSystems":true},"in2DMode":false,"pivot":{"x":36.3935661315918,"y":0.25304102897644045,"z":0.08656966686248779},"rotation":{"x":0.16866929829120637,"y":0.5854564905166626,"z":-0.12319513410329819,"w":0.783979058265686},"size":2.056809425354004,"orthographic":false}