{"cameraMode":{"drawMode":0,"name":"Shaded","section":"Shading Mode"},"sceneLighting":false,"audioPlay":false,"sceneViewState":{"showFog":true,"showMaterialUpdate":false,"showSkybox":false,"showFlares":true,"showImageEffects":true,"showParticleSystems":true},"in2DMode":false,"pivot":{"x":35.39741516113281,"y":1.2547125816345215,"z":-0.3421081304550171},"rotation":{"x":-0.28865909576416018,"y":-0.0179617740213871,"z":0.005484388209879398,"w":-0.9575062394142151},"size":0.6640604734420776,"orthographic":false}