{"cameraMode":{"drawMode":0,"name":"Shaded","section":"Shading Mode"},"sceneLighting":false,"audioPlay":false,"sceneViewState":{"showFog":true,"showMaterialUpdate":false,"showSkybox":false,"showFlares":true,"showImageEffects":true,"showParticleSystems":true},"in2DMode":false,"pivot":{"x":36.19588851928711,"y":1.7607327699661255,"z":0.15466684103012086},"rotation":{"x":0.07560820132493973,"y":-0.9217950105667114,"z":0.2502024173736572,"w":0.28809645771980288},"size":0.36251646280288699,"orthographic":false}