{"cameraMode":{"drawMode":0,"name":"Shaded","section":"Shading Mode"},"sceneLighting":false,"audioPlay":false,"sceneViewState":{"showFog":true,"showMaterialUpdate":false,"showSkybox":false,"showFlares":true,"showImageEffects":true,"showParticleSystems":true},"in2DMode":false,"pivot":{"x":97.25215148925781,"y":130.22463989257813,"z":167.3207244873047},"rotation":{"x":0.01471452135592699,"y":-0.9420046210289002,"z":0.3340250551700592,"w":0.0381300151348114},"size":12.71277141571045,"orthographic":false}