{"cameraMode":{"drawMode":0,"name":"Shaded","section":"Shading Mode"},"sceneLighting":false,"audioPlay":false,"sceneViewState":{"showFog":true,"showMaterialUpdate":false,"showSkybox":false,"showFlares":true,"showImageEffects":true,"showParticleSystems":true},"in2DMode":false,"pivot":{"x":35.367950439453128,"y":0.3632488250732422,"z":0.8631376028060913},"rotation":{"x":-0.38786405324935915,"y":-0.31914862990379336,"z":0.14004379510879517,"w":-0.8539099097251892},"size":0.8120685815811157,"orthographic":false}